Year,COMMENT_OBS_0,COMMENT_OBS_1,COMMENT_OBS_2,Value
2010,s,,,0.410552430546491
2011,s,,,0.429105583143694
2012,s,,,0.427527128813626
2013,s,,,0.424797059853198
2014,s,,,0.410256031524889
2015,s,,,0.434667850022148
2016,s,,,0.431448396775245
2017,s,,,0.457020297790474
2018,s,,,0.459956403292382
2019,s,,,0.463100143375706
2020,s,,,0.477487831020722
2021,s,,,0.465094604231552
2022,s,,,0.466478241668682
2023,s,,,0.460768626602933
2024,s,,,0.452984461006563
