{"data":{"Year":[2010,2011,2012,2013,2014,2015,2016,2017,2018,2019,2020,2021,2022,2023,2024],"COMMENT_OBS_0":["s","s","s","s","s","s","s","s","s","s","s","s","s","s","s"],"COMMENT_OBS_1":[null,null,null,null,null,null,null,null,null,null,null,null,null,null,null],"COMMENT_OBS_2":[null,null,null,null,null,null,null,null,null,null,null,null,null,null,null],"Value":[0.4105524305,0.4291055831,0.4275271288,0.4247970599,0.4102560315,0.43466785,0.4314483968,0.4570202978,0.4599564033,0.4631001434,0.477487831,0.4650946042,0.4664782417,0.4607686266,0.452984461]},"edges":[]}